{
  "IcoMoonType": "selection",
  "icons": [
    {
      "icon": {
        "paths": [
          "M853.992 233.88l-63.082-63.082-250.049 250.049-250.049-250.049-63.082 63.082 250.049 250.049-250.049 250.049 63.082 63.082 250.049-250.049 250.049 250.049 63.082-63.082-250.049-250.049 250.049-250.049z"
        ],
        "attrs": [
          {}
        ],
        "isMulticolor": false,
        "isMulticolor2": false,
        "grid": 0,
        "tags": [
          "close-black"
        ],
        "colorPermutations": {
          "2552552551331502431": [
            {}
          ]
        }
      },
      "attrs": [
        {}
      ],
      "properties": {
        "order": 2,
        "id": 5,
        "name": "close-black",
        "prevSize": 32
      },
      "setIdx": 0,
      "setId": 2,
      "iconIdx": 0
    },
    {
      "icon": {
        "paths": [
          "M853.992 170.798h-683.194c-46.97 0-84.944 38.43-84.944 85.399l-0.455 512.395c0 46.97 38.43 85.399 85.399 85.399h683.194c46.97 0 85.399-38.43 85.399-85.399v-512.395c0-46.97-38.43-85.399-85.399-85.399zM836.912 352.3l-301.858 188.675c-6.445 4.029-14.273 6.418-22.659 6.418s-16.215-2.389-22.842-6.524l0.182 0.106-301.858-188.675c-10.749-6.426-17.834-18.002-17.834-31.233 0-20.029 16.237-36.266 36.266-36.266 7.447 0 14.37 2.245 20.129 6.094l-0.132-0.083 286.087 178.883 286.087-178.94c5.627-3.767 12.55-6.012 19.997-6.012 20.029 0 36.266 16.237 36.266 36.266 0 13.231-7.085 24.807-17.669 31.141l-0.165 0.092z"
        ],
        "attrs": [
          {}
        ],
        "isMulticolor": false,
        "isMulticolor2": false,
        "grid": 0,
        "tags": [
          "email-black"
        ],
        "colorPermutations": {
          "2552552551331502431": [
            {}
          ]
        }
      },
      "attrs": [
        {}
      ],
      "properties": {
        "order": 3,
        "id": 4,
        "name": "email-black",
        "prevSize": 32
      },
      "setIdx": 0,
      "setId": 2,
      "iconIdx": 1
    },
    {
      "icon": {
        "paths": [
          "M128.083 31.687h768.5c70.738 0 128.083 57.345 128.083 128.083v704.459c0 70.738-57.345 128.083-128.083 128.083h-768.5c-70.738 0-128.083-57.345-128.083-128.083v-704.459c0-70.738 57.345-128.083 128.083-128.083z",
          "M253.413 528.138l-4.419-4.227-4.419 4.163-61.736 58.534 4.867 4.675 228.309 217.742 4.419-4.227 485.436-463.085-4.867-4.611-60.904-58.086-4.419 4.227-419.665 400.004-162.602-155.109z"
        ],
        "attrs": [
          {
            "fill": "rgb(33, 150, 243)"
          },
          {
            "fill": "rgb(255, 255, 255)",
            "stroke": "rgb(255, 255, 255)",
            "strokeLinejoin": "miter",
            "strokeLinecap": "butt",
            "strokeMiterlimit": "4",
            "strokeWidth": 12.8
          }
        ],
        "isMulticolor": true,
        "isMulticolor2": true,
        "grid": 0,
        "tags": [
          "icon check"
        ],
        "colorPermutations": {
          "2552552551331502431": [
            {
              "f": 0
            },
            {
              "f": 1,
              "s": 1
            }
          ]
        }
      },
      "attrs": [
        {
          "fill": "rgb(33, 150, 243)"
        },
        {
          "fill": "rgb(255, 255, 255)",
          "stroke": "rgb(255, 255, 255)",
          "strokeLinejoin": "miter",
          "strokeLinecap": "butt",
          "strokeMiterlimit": "4",
          "strokeWidth": 12.8
        }
      ],
      "properties": {
        "order": 4,
        "id": 3,
        "name": "icon-check",
        "prevSize": 32
      },
      "setIdx": 0,
      "setId": 2,
      "iconIdx": 2
    },
    {
      "icon": {
        "paths": [
          "M1024.296-0l-1024.296 576.167 327.348 121.208 504.893-473.31-384.026 518.123 0.299 0.085-0.384-0.085v282.108l183.562-214.163 232.601 86.126 160.004-896.259z"
        ],
        "attrs": [
          {
            "fill": "rgb(255, 255, 255)"
          }
        ],
        "isMulticolor": false,
        "isMulticolor2": false,
        "grid": 0,
        "tags": [
          "icon send"
        ],
        "colorPermutations": {
          "2552552551331502431": [
            {
              "f": 1
            }
          ]
        }
      },
      "attrs": [
        {
          "fill": "rgb(255, 255, 255)"
        }
      ],
      "properties": {
        "order": 5,
        "id": 2,
        "name": "icon-send",
        "prevSize": 32
      },
      "setIdx": 0,
      "setId": 2,
      "iconIdx": 3
    },
    {
      "icon": {
        "paths": [
          "M512.395 512.395c94.329 0 170.798-76.469 170.798-170.798s-76.469-170.798-170.798-170.798v0c-94.329 0-170.798 76.469-170.798 170.798s76.469 170.798 170.798 170.798v0zM512.395 597.795c-114.036 0-341.597 57.217-341.597 170.798v42.7c0 23.456 19.186 42.7 42.7 42.7h597.795c23.456 0 42.7-19.243 42.7-42.7v-42.7c0-113.581-227.617-170.798-341.597-170.798z"
        ],
        "attrs": [
          {
            "fill": "rgb(33, 150, 243)"
          }
        ],
        "isMulticolor": false,
        "isMulticolor2": false,
        "grid": 0,
        "tags": [
          "person-black"
        ],
        "colorPermutations": {
          "2552552551331502431": [
            {
              "f": 0
            }
          ]
        }
      },
      "attrs": [
        {
          "fill": "rgb(33, 150, 243)"
        }
      ],
      "properties": {
        "order": 6,
        "id": 1,
        "name": "person-black",
        "prevSize": 32
      },
      "setIdx": 0,
      "setId": 2,
      "iconIdx": 4
    },
    {
      "icon": {
        "paths": [
          "M796.832 633.264l-104.643-11.956c-2.876-0.357-6.204-0.561-9.58-0.561-22.649 0-43.155 9.178-58 24.018l-75.834 75.834c-117.506-60.649-210.887-154.048-269.886-268.11l-1.627-3.459 76.29-76.119c14.841-14.837 24.020-35.336 24.020-57.979 0-3.383-0.205-6.718-0.603-9.994l0.039 0.394-11.956-103.845c-4.955-41.227-39.723-72.874-81.882-72.874-0.036 0-0.071 0-0.107 0l-71.274-0c-46.571 0-85.285 38.714-82.439 85.285 21.862 351.845 303.281 632.808 654.727 654.67 46.514 2.847 85.285-35.868 85.285-82.439v-71.28c0.001-0.118 0.001-0.257 0.001-0.396 0-41.88-31.534-76.395-72.154-81.096l-0.379-0.036z"
        ],
        "attrs": [
          {}
        ],
        "isMulticolor": false,
        "isMulticolor2": false,
        "grid": 0,
        "tags": [
          "phone-black"
        ],
        "colorPermutations": {
          "2552552551331502431": [
            {}
          ]
        }
      },
      "attrs": [
        {}
      ],
      "properties": {
        "order": 7,
        "id": 0,
        "name": "phone-black",
        "prevSize": 32
      },
      "setIdx": 0,
      "setId": 2,
      "iconIdx": 5
    }
  ],
  "height": 1024,
  "preferences": {
    "showGlyphs": true,
    "showQuickUse": true,
    "showQuickUse2": true,
    "showSVGs": true,
    "fontPref": {
      "prefix": "icon-",
      "metadata": {
        "fontFamily": "icomoon"
      },
      "metrics": {
        "emSize": 1024,
        "baseline": 6.25,
        "whitespace": 50
      },
      "embed": false
    },
    "imagePref": {
      "prefix": "icon-",
      "png": false,
      "useClassSelector": true,
      "color": 0,
      "bgColor": 16777215,
      "classSelector": ".icon",
      "name": "icomoon",
      "height": 32,
      "columns": 16,
      "margin": 16
    },
    "historySize": 50,
    "showCodes": true,
    "gridSize": 16
  }
}